TruckNumber,Mileage,EngineTemperature,OilPressure,BreakdownRisk,InspectionDate
DT1000,104907,109,13,Medium,2026-04-09
DT1001,162931,79,32,Low,2026-05-18
DT1002,398334,118,11,Medium,2026-02-05
DT1003,403597,117,52,Low,2026-02-06
DT1004,51751,130,57,Low,2026-01-20
DT1005,445936,83,8,Medium,2026-03-24
DT1006,520099,88,10,Medium,2026-01-22
DT1007,199081,91,58,Low,2026-01-10
DT1008,501556,136,24,High,2026-04-27
DT1009,88528,114,29,Low,2026-05-26
DT1010,556421,101,60,Low,2026-05-21
DT1011,602678,115,8,High,2026-04-25
DT1012,727542,140,35,Medium,2026-06-18
DT1013,719361,137,41,Medium,2026-06-14
DT1014,442714,140,10,High,2026-06-06
DT1015,811085,85,39,Low,2026-06-09
DT1016,228390,117,29,Low,2026-05-13
DT1017,976853,84,54,Low,2026-04-13
DT1018,651010,118,9,High,2026-02-19
DT1019,142439,121,8,Medium,2026-03-08
DT1020,475427,139,54,Medium,2026-01-21
DT1021,351677,138,56,Medium,2026-06-24
DT1022,294709,136,19,Medium,2026-02-18
DT1023,516091,123,56,Medium,2026-04-02
DT1024,60645,92,37,Low,2026-02-01
DT1025,318815,120,51,Low,2026-03-14
DT1026,715078,128,8,High,2026-01-20
DT1027,115650,140,30,Medium,2026-06-03
DT1028,136932,130,8,Medium,2026-05-13
DT1029,127053,126,9,Medium,2026-03-09
DT1030,545463,79,56,Low,2026-05-11
DT1031,484185,119,9,Medium,2026-06-21
DT1032,221818,128,12,Medium,2026-06-28
DT1033,762037,93,31,Medium,2026-06-08
DT1034,830260,85,60,Low,2026-06-02
DT1035,844886,124,42,Medium,2026-03-05
DT1036,737794,112,57,Medium,2026-04-12
DT1037,182613,118,41,Low,2026-01-21
DT1038,224904,124,35,Medium,2026-01-24
DT1039,192622,133,50,Low,2026-01-12
DT1040,521569,132,27,High,2026-04-26
DT1041,861937,78,18,Medium,2026-05-11
DT1042,963723,140,43,Medium,2026-02-11
DT1043,574416,88,42,Low,2026-06-12
DT1044,285829,118,13,Medium,2026-03-17
DT1045,305054,101,28,Low,2026-03-13
DT1046,95114,139,13,Medium,2026-02-17
DT1047,259190,77,20,Low,2026-03-19
DT1048,292145,85,46,Low,2026-03-03
DT1049,407715,92,59,Low,2026-05-05
DT1050,874264,136,39,Medium,2026-06-13
DT1051,864695,78,24,Medium,2026-06-27
DT1052,918457,137,29,High,2026-04-08
DT1053,931160,139,16,High,2026-05-21
DT1054,56250,138,29,Medium,2026-06-19
DT1055,178257,81,31,Low,2026-04-12
DT1056,751442,128,28,High,2026-03-07
DT1057,857703,132,29,High,2026-02-27
DT1058,239452,123,59,Low,2026-01-27
DT1059,484873,123,40,Medium,2026-03-27
DT1060,233373,123,31,Medium,2026-01-10
DT1061,178268,108,40,Low,2026-05-11
DT1062,107578,123,11,Medium,2026-05-13
DT1063,363014,88,37,Low,2026-05-25
DT1064,790652,116,23,High,2026-06-15
DT1065,328831,131,44,Medium,2026-05-12
DT1066,310480,133,40,Medium,2026-05-09
DT1067,403557,81,19,Low,2026-01-01
DT1068,498916,138,54,Medium,2026-02-16
DT1069,611098,80,38,Low,2026-05-05
DT1070,391669,122,22,Medium,2026-05-28
DT1071,83715,134,40,Low,2026-05-25
DT1072,352734,76,28,Low,2026-06-13
DT1073,288631,83,24,Low,2026-03-06
DT1074,486267,120,35,Medium,2026-01-20
DT1075,63600,138,51,Low,2026-02-07
DT1076,98885,109,41,Low,2026-02-25
DT1077,822405,99,27,Medium,2026-04-28
DT1078,968827,134,22,High,2026-03-17
DT1079,146635,88,36,Low,2026-05-18
DT1080,634479,110,59,Medium,2026-02-17
DT1081,121067,125,34,Medium,2026-04-04
DT1082,113073,130,56,Low,2026-06-14
DT1083,592419,120,17,High,2026-04-05
DT1084,253905,102,23,Medium,2026-01-08
DT1085,268287,84,33,Low,2026-01-01
DT1086,482247,116,43,Low,2026-01-02
DT1087,308507,130,52,Medium,2026-03-06
DT1088,368960,89,26,Low,2026-06-21
DT1089,911716,116,21,High,2026-05-01
DT1090,835030,121,58,Medium,2026-02-15
DT1091,285860,128,22,Medium,2026-05-22
DT1092,505714,125,43,Medium,2026-02-13
DT1093,130812,138,10,Medium,2026-03-05
DT1094,548750,88,16,Medium,2026-01-15
DT1095,954030,120,43,Medium,2026-05-01
DT1096,516649,120,26,Medium,2026-03-07
DT1097,459559,81,14,Medium,2026-05-27
DT1098,978188,87,45,Low,2026-06-11
DT1099,821895,85,57,Low,2026-06-07
DT1100,452950,98,34,Low,2026-02-16
DT1101,197400,75,18,Low,2026-01-11
DT1102,83859,87,17,Low,2026-02-15
DT1103,501103,100,50,Low,2026-04-02
DT1104,109107,94,15,Low,2026-04-23
DT1105,144673,92,50,Low,2026-01-12
DT1106,510822,101,60,Low,2026-02-08
DT1107,872896,130,29,High,2026-06-05
DT1108,143745,76,26,Low,2026-03-22
DT1109,470176,119,58,Low,2026-02-27
DT1110,113832,82,43,Low,2026-01-04
DT1111,311804,111,23,Medium,2026-02-18
DT1112,881126,75,58,Low,2026-05-25
DT1113,721942,108,34,Medium,2026-05-12
DT1114,438613,91,34,Low,2026-01-20
DT1115,353383,119,28,Medium,2026-06-27
DT1116,53446,119,40,Low,2026-01-21
DT1117,358422,85,32,Low,2026-06-06
DT1118,689641,116,36,Medium,2026-01-24
DT1119,675297,100,33,Medium,2026-06-22
DT1120,124038,99,21,Low,2026-06-12
DT1121,498131,136,26,Medium,2026-06-18
DT1122,621135,95,32,Low,2026-01-09
DT1123,814119,78,56,Low,2026-06-22
DT1124,219193,99,31,Low,2026-02-04
DT1125,193007,87,25,Low,2026-01-03
DT1126,428651,82,24,Low,2026-03-05
DT1127,314316,127,13,High,2026-05-09
DT1128,594650,90,50,Low,2026-05-04
DT1129,395809,111,59,Low,2026-06-28
DT1130,849077,114,36,Medium,2026-02-01
DT1131,148114,89,47,Low,2026-01-25
DT1132,512362,124,60,Medium,2026-03-22
DT1133,239052,91,32,Low,2026-01-14
DT1134,269840,105,8,Medium,2026-04-05
DT1135,891945,85,19,Medium,2026-05-09
DT1136,491767,96,57,Low,2026-04-27
DT1137,370419,83,9,Medium,2026-01-26
DT1138,646595,125,25,High,2026-05-02
DT1139,719106,99,27,Medium,2026-03-20
DT1140,623993,118,9,High,2026-06-05
DT1141,373080,111,20,Medium,2026-04-07
DT1142,571660,80,35,Low,2026-01-28
DT1143,887977,94,18,Medium,2026-06-02
DT1144,626590,103,12,Medium,2026-04-19
DT1145,249040,126,44,Low,2026-06-27
DT1146,953635,130,53,Medium,2026-05-12
DT1147,128229,102,13,Medium,2026-04-02
DT1148,610918,114,52,Medium,2026-01-07
DT1149,758006,79,17,Medium,2026-06-17
DT1150,153401,81,34,Low,2026-06-16
DT1151,695151,124,29,Medium,2026-06-06
DT1152,724152,126,35,Medium,2026-06-22
DT1153,158981,86,10,Low,2026-02-05
DT1154,738404,92,58,Low,2026-06-22
DT1155,662084,113,31,Medium,2026-05-14
DT1156,790075,108,26,High,2026-04-28
DT1157,242967,86,8,Low,2026-05-20
DT1158,793697,93,41,Low,2026-05-22
DT1159,679797,87,37,Low,2026-06-08
DT1160,707374,136,9,High,2026-03-10
DT1161,897251,134,31,High,2026-06-24
DT1162,348022,118,20,Medium,2026-02-02
DT1163,443104,81,45,Low,2026-01-16
DT1164,891195,122,56,Medium,2026-04-22
DT1165,235810,88,50,Low,2026-05-03
DT1166,292775,124,16,High,2026-05-22
DT1167,797441,87,56,Low,2026-04-17
DT1168,842675,104,48,Medium,2026-05-16
DT1169,401532,115,46,Low,2026-06-28
DT1170,486478,109,29,Medium,2026-06-16
DT1171,235026,105,14,Medium,2026-06-23
DT1172,931465,81,52,Low,2026-05-23
DT1173,861389,93,31,Medium,2026-01-05
DT1174,204319,96,51,Low,2026-06-13
DT1175,830510,97,57,Medium,2026-05-08
DT1176,583338,98,57,Low,2026-04-17
DT1177,751085,75,38,Low,2026-02-09
DT1178,417192,139,48,Medium,2026-04-08
DT1179,120137,129,55,Low,2026-04-13
DT1180,384055,81,48,Low,2026-04-28
DT1181,486667,86,28,Low,2026-04-15
DT1182,65170,89,10,Low,2026-06-12
DT1183,432874,116,57,Low,2026-02-23
DT1184,624877,135,54,Medium,2026-05-23
DT1185,407724,104,10,Medium,2026-02-05
DT1186,735109,132,20,High,2026-06-27
DT1187,541673,129,48,Medium,2026-01-12
DT1188,730554,91,25,Medium,2026-03-18
DT1189,375855,84,30,Low,2026-02-26
DT1190,99186,90,43,Low,2026-02-17
DT1191,60540,137,40,Low,2026-04-13
DT1192,788485,138,12,High,2026-02-06
DT1193,416047,104,29,Low,2026-06-14
DT1194,822915,137,15,High,2026-04-03
DT1195,426517,140,32,Medium,2026-01-07
DT1196,319651,86,52,Low,2026-01-12
DT1197,233408,99,13,Medium,2026-01-14
DT1198,907857,132,54,Medium,2026-04-15
DT1199,799345,80,34,Medium,2026-01-04
DT1200,363655,139,33,Medium,2026-04-27
DT1201,935156,117,31,Medium,2026-03-03
DT1202,399295,98,15,Medium,2026-01-15
DT1203,460869,139,28,Medium,2026-01-27
DT1204,264558,111,28,Medium,2026-06-10
DT1205,209076,115,46,Low,2026-04-12
DT1206,287388,79,47,Low,2026-04-27
DT1207,213281,101,29,Low,2026-02-23
DT1208,548981,103,27,Medium,2026-02-07
DT1209,536067,136,58,Medium,2026-03-16
DT1210,706872,132,37,Medium,2026-03-14
DT1211,804636,112,13,High,2026-06-13
DT1212,958432,134,14,High,2026-05-28
DT1213,387748,123,44,Medium,2026-05-20
DT1214,606156,91,22,Medium,2026-01-06
DT1215,779979,128,58,Medium,2026-05-15
DT1216,759969,109,46,Medium,2026-02-25
DT1217,354684,97,41,Low,2026-02-23
DT1218,487511,85,45,Low,2026-04-18
DT1219,116246,122,37,Medium,2026-06-21
DT1220,191423,96,30,Low,2026-06-19
DT1221,184590,92,59,Low,2026-03-14
DT1222,211986,95,37,Low,2026-03-20
DT1223,293276,100,26,Medium,2026-02-19
DT1224,672942,81,56,Low,2026-03-25
DT1225,251127,132,9,High,2026-02-06
DT1226,859178,117,47,Medium,2026-06-26
DT1227,219106,116,10,Medium,2026-01-08
DT1228,93292,119,21,Medium,2026-01-06
DT1229,534265,130,19,High,2026-01-18
DT1230,599646,81,46,Low,2026-06-08
DT1231,736255,88,34,Low,2026-02-08
DT1232,754540,114,18,High,2026-04-25
DT1233,184056,122,55,Low,2026-04-01
DT1234,695381,137,27,High,2026-04-14
DT1235,810768,95,44,Low,2026-02-07
DT1236,289942,113,55,Low,2026-06-26
DT1237,512461,139,17,High,2026-06-19
DT1238,786478,100,18,Medium,2026-05-06
DT1239,293681,138,55,Medium,2026-01-04
DT1240,367351,97,52,Low,2026-01-16
DT1241,803938,126,22,High,2026-05-21
DT1242,889590,104,58,Medium,2026-05-14
DT1243,802936,84,58,Low,2026-03-09
DT1244,638945,113,25,Medium,2026-02-05
DT1245,697319,101,20,Medium,2026-01-22
DT1246,796336,86,34,Medium,2026-05-10
DT1247,561994,84,19,Medium,2026-04-11
DT1248,579275,84,35,Low,2026-05-10
DT1249,150501,132,48,Low,2026-01-05
DT1250,327941,117,16,Medium,2026-04-26
DT1251,834817,134,27,High,2026-01-23
DT1252,569107,136,30,Medium,2026-03-28
DT1253,180465,104,30,Low,2026-06-09
DT1254,330386,86,14,Medium,2026-01-21
DT1255,798343,119,31,Medium,2026-04-15
DT1256,456217,94,19,Low,2026-02-06
DT1257,730149,117,21,Medium,2026-06-15
DT1258,842526,93,60,Low,2026-06-18
DT1259,305696,129,31,Medium,2026-04-06
DT1260,320925,121,57,Medium,2026-04-18
DT1261,786579,130,51,Medium,2026-06-01
DT1262,791182,104,38,Medium,2026-02-22
DT1263,676845,104,17,Medium,2026-05-12
DT1264,516414,116,53,Medium,2026-01-21
DT1265,538901,118,37,Medium,2026-06-02
DT1266,298967,77,24,Low,2026-02-26
DT1267,334022,98,39,Low,2026-02-22
DT1268,857208,95,23,Medium,2026-05-05
DT1269,231485,110,58,Low,2026-04-18
DT1270,547457,82,32,Low,2026-05-14
DT1271,322258,116,58,Low,2026-02-03
DT1272,293466,131,49,Medium,2026-03-03
DT1273,434237,96,34,Low,2026-03-25
DT1274,529489,136,47,Medium,2026-01-02
DT1275,300788,93,37,Low,2026-04-08
DT1276,157936,138,10,Medium,2026-05-27
DT1277,702033,122,16,High,2026-02-08
DT1278,70837,83,12,Low,2026-05-18
DT1279,578622,136,42,Medium,2026-06-16
DT1280,355199,99,28,Low,2026-04-26
DT1281,708279,100,41,Low,2026-05-07
DT1282,916691,99,10,High,2026-06-22
DT1283,591831,99,48,Low,2026-03-09
DT1284,952640,135,26,High,2026-02-18
DT1285,909007,125,28,High,2026-02-08
DT1286,210042,84,31,Low,2026-06-08
DT1287,432487,88,47,Low,2026-04-28
DT1288,108902,77,31,Low,2026-05-25
DT1289,939133,80,49,Low,2026-05-13
DT1290,810956,118,49,Medium,2026-01-06
DT1291,716195,100,60,Low,2026-03-21
DT1292,481954,106,36,Medium,2026-05-21
DT1293,375324,100,45,Low,2026-03-10
DT1294,554751,107,48,Medium,2026-04-12
DT1295,584081,121,18,High,2026-04-16
DT1296,599694,83,49,Low,2026-02-05
DT1297,720833,130,55,Medium,2026-01-22
DT1298,428133,125,51,Medium,2026-04-21
DT1299,271196,101,29,Low,2026-01-07
DT1300,732182,104,18,Medium,2026-05-05
DT1301,324828,106,35,Medium,2026-02-19
DT1302,588719,123,32,Medium,2026-06-07
DT1303,55745,83,55,Low,2026-06-19
DT1304,790246,104,50,Medium,2026-02-08
DT1305,106336,138,29,Medium,2026-03-07
DT1306,754701,125,33,High,2026-05-03
DT1307,613678,114,49,Medium,2026-04-23
DT1308,239924,129,19,Medium,2026-03-08
DT1309,425151,79,19,Low,2026-04-21
DT1310,408257,133,58,Medium,2026-06-04
DT1311,69337,138,9,Medium,2026-05-23
DT1312,109791,126,12,Medium,2026-02-23
DT1313,150044,91,29,Low,2026-06-07
DT1314,973236,107,23,High,2026-02-25
DT1315,308265,131,9,High,2026-01-03
DT1316,581493,102,38,Low,2026-03-18
DT1317,194596,96,55,Low,2026-04-24
DT1318,552032,105,15,Medium,2026-04-04
DT1319,533789,83,50,Low,2026-06-12
DT1320,938513,84,17,Medium,2026-04-19
DT1321,609301,104,60,Low,2026-05-05
DT1322,311181,103,23,Medium,2026-02-03
DT1323,963083,109,57,Medium,2026-05-10
DT1324,149587,105,23,Low,2026-01-22
DT1325,319605,122,31,Medium,2026-01-08
DT1326,589066,114,8,High,2026-01-23
DT1327,824281,110,13,High,2026-06-23
DT1328,595372,125,23,High,2026-03-28
DT1329,400640,134,47,Medium,2026-02-18
DT1330,508086,137,10,High,2026-01-26
DT1331,855544,82,14,Medium,2026-01-16
DT1332,459731,100,41,Low,2026-06-17
DT1333,802195,76,43,Low,2026-06-22
DT1334,263556,119,54,Low,2026-02-05
DT1335,782453,95,47,Low,2026-05-21
DT1336,779913,113,24,High,2026-01-28
DT1337,518591,77,13,Medium,2026-03-28
DT1338,575737,84,24,Medium,2026-04-22
DT1339,814379,134,29,High,2026-01-05
DT1340,537156,92,58,Low,2026-05-18
DT1341,673725,114,42,Medium,2026-06-18
DT1342,996008,116,39,Medium,2026-06-21
DT1343,962019,111,18,High,2026-02-25
DT1344,285119,133,28,Medium,2026-01-03
DT1345,544083,106,36,Medium,2026-04-08
DT1346,783333,124,27,High,2026-03-18
DT1347,844912,110,50,Medium,2026-05-19
DT1348,625669,77,54,Low,2026-05-04
DT1349,510593,91,16,Medium,2026-04-14
DT1350,195503,134,54,Low,2026-01-28
DT1351,969126,110,16,High,2026-02-03
DT1352,153959,111,29,Low,2026-02-11
DT1353,769940,130,26,High,2026-01-08
DT1354,966540,81,41,Low,2026-04-12
DT1355,495979,79,24,Low,2026-02-10
DT1356,534147,102,37,Medium,2026-01-07
DT1357,278468,96,40,Low,2026-06-10
DT1358,187816,115,19,Medium,2026-03-03
DT1359,473323,120,60,Low,2026-02-14
DT1360,815157,132,56,Medium,2026-02-01
DT1361,354040,139,47,Medium,2026-01-28
DT1362,800975,103,36,Medium,2026-04-06
DT1363,903361,112,27,High,2026-03-25
DT1364,868473,82,54,Low,2026-02-15
DT1365,286586,75,10,Medium,2026-03-10
DT1366,933032,93,35,Medium,2026-06-22
DT1367,920667,83,20,Medium,2026-04-27
DT1368,226518,77,60,Low,2026-05-05
DT1369,178899,93,19,Low,2026-05-28
DT1370,624477,75,11,Medium,2026-01-08
DT1371,537462,136,50,Medium,2026-05-17
DT1372,426110,98,52,Low,2026-04-28
DT1373,560402,87,9,Medium,2026-06-20
DT1374,320280,102,48,Low,2026-04-20
DT1375,712065,118,55,Medium,2026-05-19
DT1376,69862,98,19,Low,2026-02-10
DT1377,874222,97,39,Medium,2026-01-13
DT1378,939324,92,28,Medium,2026-05-16
DT1379,872566,133,54,Medium,2026-03-27
DT1380,198758,89,57,Low,2026-02-26
DT1381,663166,135,52,Medium,2026-03-03
DT1382,983037,101,31,Medium,2026-06-24
DT1383,74107,101,27,Low,2026-04-22
DT1384,478471,79,56,Low,2026-06-27
DT1385,999463,136,37,High,2026-02-07
DT1386,946282,123,15,High,2026-05-18
DT1387,682216,123,30,Medium,2026-01-21
DT1388,249458,100,10,Medium,2026-02-17
DT1389,866750,100,19,Medium,2026-03-14
DT1390,350060,98,45,Low,2026-01-01
DT1391,377160,108,35,Medium,2026-06-03
DT1392,64913,116,50,Low,2026-04-14
DT1393,909609,119,44,Medium,2026-03-15
DT1394,852975,138,32,High,2026-02-24
DT1395,864004,98,13,High,2026-04-22
DT1396,141629,121,21,Medium,2026-06-02
DT1397,786894,75,34,Medium,2026-02-20
DT1398,733594,87,22,Medium,2026-03-22
DT1399,433828,109,44,Low,2026-02-10
DT1400,612047,96,41,Low,2026-04-28
DT1401,625790,80,27,Medium,2026-03-10
DT1402,458120,78,49,Low,2026-01-18
DT1403,112776,120,54,Low,2026-01-09
DT1404,125765,102,10,Medium,2026-05-17
DT1405,771106,133,41,Medium,2026-01-05
DT1406,347754,108,29,Medium,2026-05-14
DT1407,335645,98,43,Low,2026-02-26
DT1408,275415,133,34,Medium,2026-02-01
DT1409,227183,109,34,Low,2026-05-16
DT1410,104908,118,26,Medium,2026-05-23
DT1411,83049,100,38,Low,2026-02-21
DT1412,433389,120,31,Medium,2026-03-28
DT1413,626669,121,46,Medium,2026-06-02
DT1414,171486,97,28,Low,2026-03-07
DT1415,587200,117,50,Medium,2026-06-22
DT1416,312110,135,26,Medium,2026-06-18
DT1417,836447,103,28,Medium,2026-06-16
DT1418,850948,119,55,Medium,2026-04-23
DT1419,422883,138,39,Medium,2026-01-19
DT1420,696014,87,32,Low,2026-05-05
DT1421,608155,112,39,Medium,2026-01-09
DT1422,351008,90,15,Medium,2026-02-16
DT1423,424648,93,51,Low,2026-06-12
DT1424,788673,83,48,Low,2026-06-28
DT1425,275197,120,12,Medium,2026-04-04
DT1426,748451,130,11,High,2026-06-15
DT1427,783366,97,40,Medium,2026-02-02
DT1428,274151,95,19,Low,2026-01-21
DT1429,772757,75,43,Low,2026-02-25
DT1430,174645,106,29,Low,2026-01-18
DT1431,814007,105,38,Medium,2026-04-12
DT1432,243054,116,11,Medium,2026-02-14
DT1433,298283,90,60,Low,2026-03-20
DT1434,959775,83,57,Low,2026-06-18
DT1435,120317,77,43,Low,2026-06-20
DT1436,142921,119,17,Medium,2026-06-25
DT1437,793378,131,60,Medium,2026-05-14
DT1438,526238,81,11,Medium,2026-02-03
DT1439,709871,96,9,Medium,2026-04-25
DT1440,931323,99,21,Medium,2026-05-25
DT1441,954538,85,26,Medium,2026-05-02
DT1442,470270,134,57,Medium,2026-05-15
DT1443,557588,114,13,High,2026-02-14
DT1444,559414,105,15,Medium,2026-05-14
DT1445,417704,139,20,Medium,2026-04-11
DT1446,419345,92,30,Low,2026-01-21
DT1447,114564,123,55,Low,2026-01-15
DT1448,594242,109,42,Medium,2026-03-11
DT1449,805614,137,60,Medium,2026-05-03
DT1450,631347,118,9,High,2026-02-14
DT1451,475993,123,54,Medium,2026-04-17
DT1452,346157,114,56,Low,2026-03-27
DT1453,584047,136,22,High,2026-05-16
DT1454,402389,123,13,High,2026-03-11
DT1455,299231,100,57,Low,2026-01-07
DT1456,791869,118,44,Medium,2026-06-28
DT1457,497827,79,38,Low,2026-02-15
DT1458,398623,82,8,Medium,2026-04-02
DT1459,372688,86,33,Low,2026-05-05
DT1460,392076,98,25,Medium,2026-06-05
DT1461,740698,88,55,Low,2026-02-19
DT1462,124371,121,29,Medium,2026-05-07
DT1463,689188,123,39,Medium,2026-03-07
DT1464,612792,85,26,Medium,2026-03-05
DT1465,848219,123,25,High,2026-05-27
DT1466,995053,81,14,Medium,2026-01-08
DT1467,700534,134,59,Medium,2026-01-27
DT1468,858562,104,16,High,2026-04-21
DT1469,730859,83,59,Low,2026-03-14
DT1470,173388,112,11,Medium,2026-01-22
DT1471,624077,99,19,Medium,2026-03-22
DT1472,637626,109,54,Medium,2026-03-12
DT1473,656254,118,34,Medium,2026-05-15
DT1474,330472,83,9,Medium,2026-04-10
DT1475,102189,100,50,Low,2026-03-14
DT1476,217215,118,29,Low,2026-04-05
DT1477,863576,92,18,Medium,2026-05-11
DT1478,374286,99,34,Low,2026-04-17
DT1479,317183,120,24,Medium,2026-03-25
DT1480,975716,105,11,High,2026-06-25
DT1481,442385,77,19,Low,2026-04-02
DT1482,206341,78,12,Low,2026-02-07
DT1483,284263,133,18,Medium,2026-01-26
DT1484,835161,104,42,Medium,2026-05-02
DT1485,65904,91,18,Low,2026-06-04
DT1486,463176,103,47,Low,2026-02-16
DT1487,244501,79,12,Low,2026-04-21
DT1488,437828,105,53,Low,2026-06-03
DT1489,744067,123,34,Medium,2026-03-11
DT1490,691993,79,11,Medium,2026-06-01
DT1491,720775,139,25,High,2026-05-18
DT1492,752895,136,25,High,2026-01-16
DT1493,773562,116,51,Medium,2026-04-24
DT1494,69007,115,31,Low,2026-02-15
DT1495,322964,122,16,High,2026-01-14
DT1496,794625,77,19,Medium,2026-04-01
DT1497,549697,133,48,Medium,2026-05-06
DT1498,491167,125,45,Medium,2026-06-12
DT1499,791714,135,42,Medium,2026-03-26
DT1500,401131,122,53,Medium,2026-05-10
DT1501,977286,116,42,Medium,2026-03-17
DT1502,338113,123,56,Medium,2026-02-25
DT1503,640856,95,46,Low,2026-05-01
DT1504,821482,98,51,Medium,2026-03-27
DT1505,152308,136,53,Low,2026-03-28
DT1506,135716,113,28,Low,2026-05-04
DT1507,324628,95,56,Low,2026-05-09
DT1508,921963,120,8,High,2026-04-09
DT1509,117511,120,17,Medium,2026-04-24
DT1510,108598,80,55,Low,2026-05-14
DT1511,743576,86,41,Low,2026-05-09
DT1512,220494,92,44,Low,2026-02-09
DT1513,548050,85,52,Low,2026-03-25
DT1514,68314,75,38,Low,2026-05-11
DT1515,563556,89,45,Low,2026-04-20
DT1516,275664,116,23,Medium,2026-03-03
DT1517,720296,112,46,Medium,2026-06-14
DT1518,479599,104,24,Medium,2026-06-06
DT1519,156467,122,40,Low,2026-03-09
DT1520,680710,111,22,Medium,2026-03-03
DT1521,189985,136,52,Low,2026-01-10
DT1522,201548,82,45,Low,2026-04-03
DT1523,563470,87,49,Low,2026-06-24
DT1524,309019,135,32,Medium,2026-01-03
DT1525,249555,112,30,Low,2026-04-03
DT1526,624777,100,32,Medium,2026-04-16
DT1527,976189,138,22,High,2026-04-27
DT1528,860749,121,35,High,2026-04-03
DT1529,823244,125,38,Medium,2026-03-08
DT1530,181652,131,49,Low,2026-05-15
DT1531,594495,138,27,High,2026-01-15
DT1532,606890,140,26,High,2026-04-26
DT1533,644930,89,29,Low,2026-04-03
DT1534,671076,108,10,High,2026-01-01
DT1535,758034,89,27,Medium,2026-02-07
DT1536,608214,87,17,Medium,2026-05-17
DT1537,106920,101,54,Low,2026-04-21
DT1538,140219,133,28,Medium,2026-01-27
DT1539,173900,122,36,Medium,2026-02-03
DT1540,129255,104,54,Low,2026-01-24
DT1541,404435,96,55,Low,2026-01-09
DT1542,948385,89,20,Medium,2026-03-03
DT1543,357764,138,13,High,2026-01-07
DT1544,751748,117,56,Medium,2026-06-13
DT1545,535750,130,20,High,2026-01-10
DT1546,169876,105,47,Low,2026-02-10
DT1547,128715,92,48,Low,2026-01-14
DT1548,443631,129,60,Medium,2026-02-14
DT1549,351550,122,33,Medium,2026-05-11
DT1550,664316,101,57,Low,2026-04-06
DT1551,532639,108,32,Medium,2026-03-11
DT1552,110460,125,31,Medium,2026-06-19
DT1553,335543,108,33,Medium,2026-05-06
DT1554,307898,89,32,Low,2026-01-05
DT1555,609943,106,18,Medium,2026-04-11
DT1556,669526,104,38,Low,2026-03-09
DT1557,570805,110,22,Medium,2026-04-28
DT1558,926317,118,38,Medium,2026-05-25
DT1559,722490,88,25,Medium,2026-05-27
DT1560,916388,90,50,Low,2026-05-28
DT1561,287369,105,11,Medium,2026-05-25
DT1562,239133,104,22,Low,2026-06-14
DT1563,127880,136,8,Medium,2026-05-26
DT1564,615789,132,54,Medium,2026-06-11
DT1565,994289,92,50,Low,2026-06-09
DT1566,621050,81,53,Low,2026-03-12
DT1567,307183,116,53,Low,2026-01-14
DT1568,318886,110,31,Medium,2026-02-16
DT1569,96870,110,47,Low,2026-06-05
DT1570,199452,107,15,Medium,2026-01-14
DT1571,556373,115,18,Medium,2026-06-08
DT1572,640550,104,48,Low,2026-06-16
DT1573,687877,76,45,Low,2026-06-01
DT1574,996430,102,45,Medium,2026-04-15
DT1575,412933,78,17,Medium,2026-04-03
DT1576,739765,113,16,High,2026-05-23
DT1577,752821,116,34,Medium,2026-06-25
DT1578,307957,128,59,Medium,2026-06-25
DT1579,199854,106,25,Medium,2026-06-26
DT1580,158576,76,28,Low,2026-05-03
DT1581,113745,135,24,Medium,2026-05-01
DT1582,818666,83,47,Low,2026-01-21
DT1583,234017,125,55,Low,2026-02-27
DT1584,969082,126,25,High,2026-05-06
DT1585,610086,121,11,High,2026-03-23
DT1586,614780,111,58,Medium,2026-01-26
DT1587,941997,92,31,Medium,2026-01-28
DT1588,499375,103,26,Medium,2026-02-03
DT1589,928123,124,30,High,2026-02-19
DT1590,194714,101,53,Low,2026-05-17
DT1591,694917,124,54,Medium,2026-05-27
DT1592,84963,118,53,Low,2026-01-14
DT1593,172988,137,56,Low,2026-01-08
DT1594,763441,124,54,Medium,2026-06-18
DT1595,286206,87,56,Low,2026-03-15
DT1596,343913,98,58,Low,2026-05-09
DT1597,893968,116,48,Medium,2026-03-22
DT1598,219827,108,22,Medium,2026-01-28
DT1599,822381,134,14,High,2026-06-07
DT1600,546708,87,9,Medium,2026-06-25
DT1601,372446,117,35,Medium,2026-02-06
DT1602,636947,80,48,Low,2026-02-26
DT1603,282131,137,54,Medium,2026-02-01
DT1604,589474,91,21,Medium,2026-02-05
DT1605,662688,117,23,Medium,2026-02-20
DT1606,985577,84,53,Low,2026-05-21
DT1607,354350,81,10,Medium,2026-02-16
DT1608,781676,89,46,Low,2026-03-01
DT1609,843686,94,24,Medium,2026-02-27
DT1610,285758,132,34,Medium,2026-04-07
DT1611,620065,87,9,Medium,2026-04-23
DT1612,438320,124,14,High,2026-01-09
DT1613,881005,140,58,Medium,2026-05-23
DT1614,951280,75,34,Medium,2026-02-08
DT1615,306369,94,15,Medium,2026-05-05
DT1616,880682,127,45,Medium,2026-06-10
DT1617,414020,84,15,Medium,2026-05-11
DT1618,526469,87,21,Medium,2026-03-11
DT1619,879027,96,16,High,2026-05-04
DT1620,882933,111,36,Medium,2026-06-07
DT1621,500666,77,13,Medium,2026-04-05
DT1622,805531,93,42,Low,2026-04-16
DT1623,895827,83,37,Medium,2026-01-15
DT1624,111960,103,15,Medium,2026-04-02
DT1625,638509,108,12,High,2026-02-17
DT1626,228911,94,53,Low,2026-05-24
DT1627,546292,91,44,Low,2026-06-17
DT1628,692790,127,21,High,2026-02-08
DT1629,385892,105,34,Low,2026-05-25
DT1630,361395,92,9,Medium,2026-02-04
DT1631,264161,102,17,Medium,2026-01-03
DT1632,104849,132,48,Low,2026-02-17
DT1633,149083,127,21,Medium,2026-05-16
DT1634,253050,128,54,Medium,2026-06-02
DT1635,100494,78,12,Low,2026-03-12
DT1636,950721,138,16,High,2026-02-24
DT1637,869938,98,32,Medium,2026-01-18
DT1638,380606,99,43,Low,2026-02-15
DT1639,473994,119,56,Low,2026-03-24
DT1640,672912,76,14,Medium,2026-05-17
DT1641,578369,105,32,Medium,2026-03-26
DT1642,372580,93,33,Low,2026-03-28
DT1643,931273,82,52,Low,2026-02-10
DT1644,926379,113,27,High,2026-03-26
DT1645,734090,136,8,High,2026-06-02
DT1646,89171,81,49,Low,2026-01-23
DT1647,449580,122,13,High,2026-05-05
DT1648,594612,84,17,Medium,2026-03-12
DT1649,101877,111,21,Medium,2026-04-24
DT1650,283881,112,36,Medium,2026-01-22
DT1651,530991,136,39,Medium,2026-02-03
DT1652,197504,126,14,Medium,2026-05-19
DT1653,900442,94,56,Low,2026-06-27
DT1654,333787,120,13,Medium,2026-05-28
DT1655,759625,127,25,High,2026-04-04
DT1656,686451,109,40,Medium,2026-04-06
DT1657,209026,135,35,Medium,2026-05-27
DT1658,758056,86,10,Medium,2026-03-14
DT1659,960716,124,39,Medium,2026-04-20
DT1660,383728,133,28,Medium,2026-04-06
DT1661,591120,104,48,Low,2026-02-01
DT1662,115144,82,28,Low,2026-02-02
DT1663,858814,126,38,Medium,2026-03-14
DT1664,953428,121,25,High,2026-04-24
DT1665,599742,114,8,High,2026-05-08
DT1666,206563,96,16,Medium,2026-05-15
DT1667,637447,75,10,Medium,2026-02-27
DT1668,914669,113,42,Medium,2026-04-21
DT1669,376608,86,8,Medium,2026-06-08
DT1670,905397,139,46,Medium,2026-06-12
DT1671,524329,90,58,Low,2026-05-25
DT1672,689026,127,34,Medium,2026-03-17
DT1673,706943,85,10,Medium,2026-06-12
DT1674,798765,100,39,Medium,2026-01-17
DT1675,770716,122,9,High,2026-03-03
DT1676,479005,92,13,Medium,2026-04-11
DT1677,158659,91,57,Low,2026-04-25
DT1678,974288,110,50,Medium,2026-04-01
DT1679,368807,133,27,Medium,2026-04-19
DT1680,759022,84,8,Medium,2026-06-24
DT1681,803439,96,50,Medium,2026-06-04
DT1682,78935,103,31,Low,2026-01-10
DT1683,469876,103,21,Medium,2026-04-04
DT1684,173631,131,28,Medium,2026-01-14
DT1685,255308,131,49,Medium,2026-06-07
DT1686,222197,139,18,Medium,2026-02-20
DT1687,154282,123,9,Medium,2026-05-23
DT1688,854023,104,59,Medium,2026-01-25
DT1689,803117,108,10,High,2026-01-05
DT1690,713311,112,50,Medium,2026-02-08
DT1691,371407,113,42,Low,2026-03-01
DT1692,745504,95,40,Low,2026-05-22
DT1693,429296,103,46,Low,2026-02-09
DT1694,485543,79,37,Low,2026-05-10
DT1695,766891,83,51,Low,2026-06-01
DT1696,658689,117,24,Medium,2026-04-23
DT1697,786686,77,12,Medium,2026-01-22
DT1698,345462,130,53,Medium,2026-01-28
DT1699,243103,123,19,Medium,2026-05-01
DT1700,983570,77,11,Medium,2026-04-04
DT1701,333009,109,9,Medium,2026-04-01
DT1702,909263,135,36,High,2026-06-13
DT1703,876742,123,8,High,2026-04-22
DT1704,971626,99,53,Medium,2026-01-27
DT1705,495804,111,17,Medium,2026-05-11
DT1706,390216,105,28,Low,2026-03-10
DT1707,877467,93,33,Medium,2026-06-11
DT1708,943661,92,10,Medium,2026-01-01
DT1709,482851,104,44,Low,2026-05-01
DT1710,622222,87,33,Low,2026-01-14
DT1711,965735,96,42,Medium,2026-04-02
DT1712,541908,89,53,Low,2026-06-08
DT1713,830837,77,15,Medium,2026-04-01
DT1714,293375,105,24,Medium,2026-04-21
DT1715,327780,117,37,Medium,2026-06-18
DT1716,784766,103,41,Medium,2026-04-23
DT1717,989297,128,34,High,2026-04-15
DT1718,740745,132,8,High,2026-02-13
DT1719,231323,78,25,Low,2026-04-26
DT1720,156056,107,52,Low,2026-03-19
DT1721,660455,78,10,Medium,2026-06-07
DT1722,173020,103,48,Low,2026-01-28
DT1723,849912,116,30,Medium,2026-02-08
DT1724,559482,108,58,Medium,2026-01-16
DT1725,915755,106,34,Medium,2026-05-04
DT1726,885123,137,18,High,2026-02-06
DT1727,89692,106,50,Low,2026-06-07
DT1728,477418,127,46,Medium,2026-05-22
DT1729,538089,86,20,Medium,2026-05-19
DT1730,450860,109,39,Low,2026-01-12
DT1731,607245,138,56,Medium,2026-06-06
DT1732,352255,134,28,Medium,2026-02-05
DT1733,656373,76,38,Low,2026-03-15
DT1734,891032,109,26,High,2026-04-15
DT1735,91296,79,22,Low,2026-05-03
DT1736,257150,109,19,Medium,2026-06-12
DT1737,479312,112,17,Medium,2026-05-01
DT1738,388412,114,41,Low,2026-03-24
DT1739,931246,93,58,Low,2026-01-11
DT1740,483774,113,55,Low,2026-04-09
DT1741,571933,87,19,Medium,2026-06-09
DT1742,970896,91,16,Medium,2026-01-12
DT1743,742796,109,29,Medium,2026-02-06
DT1744,94873,124,34,Medium,2026-03-03
DT1745,272727,100,46,Low,2026-02-27
DT1746,437672,112,17,Medium,2026-02-03
DT1747,577721,88,16,Medium,2026-02-13
DT1748,143527,137,52,Low,2026-02-23
DT1749,797605,132,13,High,2026-05-25
DT1750,862165,129,56,Medium,2026-03-02
DT1751,781404,132,10,High,2026-05-16
DT1752,253519,112,24,Medium,2026-03-24
DT1753,663963,100,38,Low,2026-03-03
DT1754,218322,134,21,Medium,2026-05-22
DT1755,520318,120,17,High,2026-03-13
DT1756,338965,122,19,Medium,2026-05-10
DT1757,489482,84,37,Low,2026-03-04
DT1758,869789,111,29,Medium,2026-01-06
DT1759,374172,80,26,Low,2026-04-21
DT1760,761707,105,51,Medium,2026-05-19
DT1761,381214,89,17,Medium,2026-05-08
DT1762,243826,83,15,Low,2026-06-27
DT1763,447025,101,34,Low,2026-02-04
DT1764,89918,129,19,Medium,2026-05-27
DT1765,230492,118,54,Low,2026-01-13
DT1766,533894,87,33,Low,2026-06-03
DT1767,898587,128,26,High,2026-05-15
DT1768,353311,107,55,Low,2026-04-07
DT1769,543627,120,8,High,2026-05-02
DT1770,612655,89,27,Medium,2026-01-01
DT1771,897512,97,59,Medium,2026-02-10
DT1772,651494,119,47,Medium,2026-05-15
DT1773,89703,109,52,Low,2026-04-14
DT1774,52348,139,36,Medium,2026-06-28
DT1775,347594,101,58,Low,2026-05-15
DT1776,929179,84,43,Low,2026-01-15
DT1777,564400,117,11,High,2026-02-20
DT1778,129572,99,39,Low,2026-01-02
DT1779,404664,115,31,Medium,2026-04-18
DT1780,889815,110,22,High,2026-06-20
DT1781,815424,107,57,Medium,2026-02-13
DT1782,664600,134,51,Medium,2026-06-03
DT1783,252362,93,40,Low,2026-03-24
DT1784,457794,84,46,Low,2026-04-25
DT1785,738682,118,25,Medium,2026-02-27
DT1786,235964,114,32,Low,2026-06-17
DT1787,237952,136,11,Medium,2026-06-27
DT1788,430238,135,37,Medium,2026-01-23
DT1789,776311,129,11,High,2026-01-16
DT1790,499542,84,51,Low,2026-02-01
DT1791,348574,89,21,Low,2026-04-02
DT1792,102631,85,21,Low,2026-03-28
DT1793,746608,84,41,Low,2026-01-16
DT1794,753903,113,21,High,2026-03-15
DT1795,605422,123,15,High,2026-05-25
DT1796,733915,105,31,Medium,2026-06-22
DT1797,639876,139,8,High,2026-01-21
DT1798,853577,98,36,Medium,2026-02-06
DT1799,635667,96,47,Low,2026-01-12
DT1800,54638,109,20,Medium,2026-01-05
DT1801,356706,78,58,Low,2026-06-16
DT1802,320023,82,21,Low,2026-05-01
DT1803,518974,118,48,Medium,2026-01-04
DT1804,915850,128,8,High,2026-06-16
DT1805,904607,109,51,Medium,2026-01-04
DT1806,255751,88,29,Low,2026-05-10
DT1807,816228,99,49,Medium,2026-06-18
DT1808,293690,102,21,Medium,2026-03-04
DT1809,152195,104,42,Low,2026-06-07
DT1810,615573,135,35,Medium,2026-05-25
DT1811,156602,80,46,Low,2026-05-07
DT1812,618331,76,18,Medium,2026-04-24
DT1813,605453,76,53,Low,2026-04-08
DT1814,514686,83,14,Medium,2026-06-16
DT1815,510512,97,16,Medium,2026-04-12
DT1816,421100,77,26,Low,2026-06-11
DT1817,324965,87,47,Low,2026-05-04
DT1818,564252,138,15,High,2026-06-23
DT1819,817864,135,47,Medium,2026-05-01
DT1820,136879,117,25,Medium,2026-03-16
DT1821,497652,138,21,Medium,2026-02-11
DT1822,951108,96,36,Medium,2026-01-06
DT1823,358876,105,56,Low,2026-02-08
DT1824,704360,132,21,High,2026-04-10
DT1825,170695,107,21,Medium,2026-03-09
DT1826,540230,95,50,Low,2026-01-19
DT1827,519137,95,27,Medium,2026-05-11
DT1828,968785,110,50,Medium,2026-06-25
DT1829,487761,93,16,Medium,2026-04-24
DT1830,496004,96,27,Medium,2026-06-18
DT1831,443167,78,32,Low,2026-06-16
DT1832,806590,85,57,Low,2026-05-09
DT1833,87887,112,54,Low,2026-02-15
DT1834,201606,82,16,Low,2026-03-25
DT1835,173104,92,46,Low,2026-03-05
DT1836,544769,94,55,Low,2026-01-22
DT1837,431747,133,41,Medium,2026-05-22
DT1838,569497,115,13,High,2026-01-01
DT1839,932065,122,56,Medium,2026-02-16
DT1840,833104,131,46,Medium,2026-05-15
DT1841,82111,87,52,Low,2026-04-08
DT1842,573370,116,35,Medium,2026-05-28
DT1843,660826,78,35,Low,2026-06-23
DT1844,804901,137,47,Medium,2026-03-17
DT1845,380771,134,58,Medium,2026-04-03
DT1846,630254,115,27,Medium,2026-06-27
DT1847,687350,131,19,High,2026-05-05
DT1848,992064,87,41,Low,2026-05-10
DT1849,332642,120,55,Low,2026-05-11
DT1850,960979,127,52,Medium,2026-01-16
DT1851,624122,119,9,High,2026-04-06
DT1852,366025,131,32,Medium,2026-01-20
DT1853,943117,131,12,High,2026-03-22
DT1854,96137,99,57,Low,2026-05-15
DT1855,470248,128,58,Medium,2026-04-01
DT1856,618394,140,16,High,2026-01-25
DT1857,200058,95,46,Low,2026-04-15
DT1858,550254,132,53,Medium,2026-04-14
DT1859,542055,87,11,Medium,2026-03-18
DT1860,957228,105,23,Medium,2026-02-11
DT1861,512685,124,24,High,2026-05-10
DT1862,735675,133,59,Medium,2026-01-23
DT1863,785754,122,51,Medium,2026-04-03
DT1864,90108,114,33,Low,2026-05-26
DT1865,738438,123,35,Medium,2026-01-08
DT1866,654946,116,11,High,2026-04-28
DT1867,646770,117,42,Medium,2026-04-28
DT1868,705175,108,22,Medium,2026-06-10
DT1869,215615,95,43,Low,2026-01-05
DT1870,915482,113,12,High,2026-06-07
DT1871,187054,78,33,Low,2026-03-20
DT1872,782830,91,25,Medium,2026-02-04
DT1873,212147,124,35,Medium,2026-06-08
DT1874,135521,94,24,Low,2026-05-19
DT1875,319271,85,52,Low,2026-01-20
DT1876,972644,128,45,Medium,2026-03-14
DT1877,711580,84,11,Medium,2026-02-03
DT1878,162848,105,49,Low,2026-06-19
DT1879,683242,137,54,Medium,2026-03-19
DT1880,308950,92,57,Low,2026-03-03
DT1881,944049,94,19,Medium,2026-06-02
DT1882,241778,120,13,Medium,2026-01-25
DT1883,152664,92,55,Low,2026-03-06
DT1884,608574,96,30,Medium,2026-01-21
DT1885,625241,124,48,Medium,2026-03-28
DT1886,675628,127,16,High,2026-02-04
DT1887,674595,103,36,Medium,2026-06-05
DT1888,493632,122,47,Medium,2026-01-15
DT1889,539566,88,50,Low,2026-02-07
DT1890,203302,80,32,Low,2026-05-22
DT1891,508512,105,35,Medium,2026-04-28
DT1892,919603,106,32,Medium,2026-04-13
DT1893,890908,129,52,Medium,2026-02-05
DT1894,258918,101,31,Low,2026-01-04
DT1895,727423,120,12,High,2026-01-28
DT1896,503134,121,19,High,2026-02-15
DT1897,778269,128,58,Medium,2026-05-07
DT1898,626885,139,43,Medium,2026-05-20
DT1899,152899,134,38,Low,2026-03-21
DT1900,150462,76,30,Low,2026-03-23
DT1901,871426,108,44,Medium,2026-02-05
DT1902,677895,77,27,Medium,2026-03-10
DT1903,152456,78,22,Low,2026-03-14
DT1904,798146,117,28,Medium,2026-01-25
DT1905,606010,131,34,Medium,2026-06-28
DT1906,405073,79,60,Low,2026-06-26
DT1907,274029,88,40,Low,2026-05-08
DT1908,197936,90,13,Low,2026-01-10
DT1909,448212,129,9,High,2026-03-21
DT1910,880684,108,31,Medium,2026-06-19
DT1911,164417,99,33,Low,2026-02-06
DT1912,442842,130,43,Medium,2026-04-15
DT1913,588775,118,40,Medium,2026-04-13
DT1914,524406,121,48,Medium,2026-04-23
DT1915,930998,129,26,High,2026-05-11
DT1916,431388,111,41,Low,2026-02-15
DT1917,184943,77,16,Low,2026-02-16
DT1918,291187,122,48,Medium,2026-03-05
DT1919,945629,129,50,Medium,2026-01-11
DT1920,149658,131,51,Low,2026-06-18
DT1921,347884,124,27,Medium,2026-04-02
DT1922,865883,112,46,Medium,2026-04-07
DT1923,188877,108,57,Low,2026-06-24
DT1924,254437,118,28,Medium,2026-04-26
DT1925,412711,118,16,Medium,2026-05-04
DT1926,133757,102,10,Medium,2026-06-19
DT1927,158150,99,11,Medium,2026-06-04
DT1928,355497,135,11,High,2026-01-23
DT1929,884715,76,23,Medium,2026-06-12
DT1930,193187,131,48,Low,2026-02-13
DT1931,784614,83,10,Medium,2026-06-03
DT1932,50770,132,29,Medium,2026-03-19
DT1933,156034,116,27,Medium,2026-06-11
DT1934,397690,138,53,Medium,2026-06-06
DT1935,886830,111,51,Medium,2026-04-24
DT1936,811344,86,60,Low,2026-06-01
DT1937,766448,107,43,Medium,2026-03-16
DT1938,107381,97,54,Low,2026-06-26
DT1939,55857,107,14,Medium,2026-05-13
DT1940,174921,124,21,Medium,2026-05-08
DT1941,893799,91,46,Low,2026-05-23
DT1942,353978,134,14,High,2026-02-19
DT1943,689173,130,10,High,2026-04-18
DT1944,547347,123,54,Medium,2026-03-19
DT1945,867697,132,55,Medium,2026-04-20
DT1946,66285,111,16,Medium,2026-01-23
DT1947,867215,83,53,Low,2026-06-08
DT1948,583422,129,23,High,2026-03-14
DT1949,904789,104,11,High,2026-02-08
DT1950,539968,107,33,Medium,2026-04-09
DT1951,877338,134,32,High,2026-01-07
DT1952,594305,119,25,Medium,2026-06-19
DT1953,657837,126,19,High,2026-02-23
DT1954,354194,99,12,Medium,2026-05-20
DT1955,74472,131,56,Low,2026-03-02
DT1956,234738,81,8,Low,2026-06-05
DT1957,875010,105,42,Medium,2026-04-11
DT1958,333555,109,60,Low,2026-04-23
DT1959,235527,116,11,Medium,2026-02-28
DT1960,154616,94,36,Low,2026-02-17
DT1961,53548,129,34,Medium,2026-03-24
DT1962,906590,112,17,High,2026-05-01
DT1963,60451,82,31,Low,2026-02-11
DT1964,489213,101,40,Low,2026-04-03
DT1965,501763,114,12,High,2026-04-23
DT1966,220036,121,59,Low,2026-06-06
DT1967,83719,123,40,Low,2026-06-13
DT1968,845517,84,12,Medium,2026-02-15
DT1969,838440,132,8,High,2026-03-23
DT1970,266461,115,31,Medium,2026-03-26
DT1971,626728,131,19,High,2026-02-13
DT1972,324864,105,37,Low,2026-02-12
DT1973,82076,113,20,Medium,2026-06-20
DT1974,635736,97,55,Low,2026-03-17
DT1975,924156,113,58,Medium,2026-01-28
DT1976,963475,119,29,Medium,2026-02-13
DT1977,811810,87,57,Low,2026-02-08
DT1978,425734,81,56,Low,2026-05-18
DT1979,354382,84,26,Low,2026-01-09
DT1980,150353,123,48,Low,2026-03-08
DT1981,735338,82,11,Medium,2026-03-27
DT1982,996999,90,58,Low,2026-01-08
DT1983,570131,140,38,Medium,2026-02-16
DT1984,331549,131,51,Medium,2026-06-09
DT1985,53384,97,13,Medium,2026-06-24
DT1986,229862,84,29,Low,2026-04-11
DT1987,410676,75,10,Medium,2026-04-08
DT1988,321937,128,47,Medium,2026-01-07
DT1989,668633,75,24,Medium,2026-02-22
DT1990,185479,90,18,Low,2026-01-13
DT1991,316610,120,23,Medium,2026-05-26
DT1992,861054,102,29,Medium,2026-04-18
DT1993,163012,75,33,Low,2026-01-12
DT1994,631601,122,17,High,2026-02-25
DT1995,787227,113,51,Medium,2026-02-22
DT1996,758678,120,42,Medium,2026-02-22
DT1997,297415,81,33,Low,2026-01-16
DT1998,755814,109,43,Medium,2026-06-16
DT1999,175477,138,33,Medium,2026-05-08
DT2000,899433,100,12,High,2026-05-15
DT2001,895909,89,14,Medium,2026-01-09
DT2002,382434,117,24,Medium,2026-05-25
DT2003,961005,79,39,Low,2026-01-06
DT2004,207923,85,11,Low,2026-05-11
DT2005,989204,125,57,Medium,2026-04-24
DT2006,380271,85,50,Low,2026-05-14
DT2007,863002,122,30,High,2026-03-28
DT2008,203867,75,51,Low,2026-02-25
DT2009,543452,112,60,Medium,2026-03-09
DT2010,975641,125,23,High,2026-04-03
DT2011,95984,121,53,Low,2026-06-01
DT2012,294898,114,39,Low,2026-01-20
DT2013,715319,92,58,Low,2026-03-06
DT2014,777022,88,9,Medium,2026-06-05
DT2015,636478,76,12,Medium,2026-06-10
DT2016,72093,126,21,Medium,2026-04-08
DT2017,237760,90,59,Low,2026-03-27
DT2018,962912,139,10,High,2026-02-10
DT2019,172509,138,9,Medium,2026-02-17
DT2020,847200,94,10,Medium,2026-01-20
DT2021,118833,125,26,Medium,2026-06-10
DT2022,250130,133,45,Medium,2026-05-11
DT2023,202128,93,54,Low,2026-03-11
DT2024,756969,98,40,Medium,2026-02-08
DT2025,850148,91,37,Medium,2026-02-12
DT2026,120852,117,9,Medium,2026-06-25
DT2027,323245,137,9,High,2026-04-09
DT2028,946499,98,21,Medium,2026-01-13
DT2029,422563,101,47,Low,2026-06-21
DT2030,758490,122,48,Medium,2026-02-19
DT2031,440265,94,28,Low,2026-03-25
DT2032,845800,97,56,Medium,2026-05-20
DT2033,305218,113,58,Low,2026-06-21
DT2034,890090,126,31,High,2026-04-10
DT2035,200903,131,29,Medium,2026-04-06
DT2036,83185,83,53,Low,2026-03-09
DT2037,635372,97,60,Low,2026-05-09
DT2038,710639,134,59,Medium,2026-06-01
DT2039,277152,135,16,High,2026-01-25
DT2040,515721,115,50,Medium,2026-06-11
DT2041,445476,90,45,Low,2026-04-24
DT2042,246703,128,14,Medium,2026-03-03
DT2043,739591,94,40,Low,2026-02-21
DT2044,162599,81,39,Low,2026-03-07
DT2045,793894,117,26,High,2026-03-11
DT2046,406482,119,37,Medium,2026-02-13
DT2047,541310,107,36,Medium,2026-06-16
DT2048,292791,137,53,Medium,2026-04-19
DT2049,174039,123,27,Medium,2026-01-19
DT2050,96862,79,11,Low,2026-04-10
DT2051,424363,136,22,Medium,2026-04-18
DT2052,705682,96,50,Low,2026-04-28
DT2053,54733,100,18,Low,2026-03-18
DT2054,815532,131,18,High,2026-06-15
DT2055,880318,107,20,High,2026-06-28
DT2056,527510,124,58,Medium,2026-04-14
DT2057,945969,93,57,Low,2026-02-10
DT2058,313348,104,57,Low,2026-03-16
DT2059,786720,94,17,Medium,2026-05-24
DT2060,656484,118,31,Medium,2026-05-15
DT2061,761703,106,32,Medium,2026-03-28
DT2062,922639,108,47,Medium,2026-05-09
DT2063,716747,136,21,High,2026-05-08
DT2064,826189,75,55,Low,2026-03-21
DT2065,612878,79,26,Medium,2026-01-18
DT2066,89522,96,51,Low,2026-05-02
DT2067,261191,86,50,Low,2026-06-06
DT2068,667267,113,32,Medium,2026-01-13
DT2069,644035,135,51,Medium,2026-06-03
DT2070,834755,130,20,High,2026-02-25
DT2071,853469,131,37,High,2026-04-26
DT2072,287800,137,45,Medium,2026-05-12
DT2073,847235,127,59,Medium,2026-03-09
DT2074,773323,86,28,Medium,2026-06-02
DT2075,538065,99,55,Low,2026-01-11
DT2076,568885,86,18,Medium,2026-01-05
DT2077,154396,115,10,Medium,2026-01-01
DT2078,981781,131,25,High,2026-04-27
DT2079,465967,90,10,Medium,2026-01-21
DT2080,403047,95,45,Low,2026-02-03
DT2081,919995,114,56,Medium,2026-02-18
DT2082,691528,109,37,Medium,2026-04-25
DT2083,437610,94,14,Medium,2026-04-28
DT2084,434641,124,36,Medium,2026-01-05
DT2085,238600,89,58,Low,2026-02-15
DT2086,758469,127,24,High,2026-01-23
DT2087,713768,113,32,Medium,2026-05-16
DT2088,425814,110,49,Low,2026-03-17
DT2089,460046,103,41,Low,2026-01-08
DT2090,263651,96,37,Low,2026-04-28
DT2091,734284,101,45,Low,2026-03-25
DT2092,533382,111,40,Medium,2026-05-07
DT2093,877460,91,23,Medium,2026-05-24
DT2094,391583,119,14,Medium,2026-05-26
DT2095,959777,100,50,Medium,2026-05-26
DT2096,947774,121,9,High,2026-05-01
DT2097,903778,109,50,Medium,2026-05-05
DT2098,656257,140,9,High,2026-02-02
DT2099,777924,81,43,Low,2026-01-16
DT2100,537934,127,57,Medium,2026-03-20
DT2101,661368,137,27,High,2026-06-02
DT2102,919499,132,48,Medium,2026-03-07
DT2103,714284,78,44,Low,2026-03-07
DT2104,809565,132,28,High,2026-06-09
DT2105,785598,91,40,Low,2026-01-06
DT2106,756797,121,42,Medium,2026-01-26
DT2107,516460,76,37,Low,2026-06-28
DT2108,517047,75,59,Low,2026-02-13
DT2109,150175,122,18,Medium,2026-06-23
DT2110,359122,132,25,Medium,2026-06-18
DT2111,173460,118,32,Low,2026-01-27
DT2112,762149,127,54,Medium,2026-06-21
DT2113,548414,134,59,Medium,2026-03-05
DT2114,788319,130,56,Medium,2026-06-24
DT2115,794597,113,58,Medium,2026-01-15
DT2116,277166,112,47,Low,2026-02-05
DT2117,223579,110,33,Low,2026-01-22
DT2118,583062,129,29,Medium,2026-06-19
DT2119,993269,86,11,Medium,2026-05-07
DT2120,628905,118,23,Medium,2026-04-03
DT2121,648269,119,18,Medium,2026-04-26
DT2122,468671,123,20,Medium,2026-03-21
DT2123,571693,111,30,Medium,2026-05-16
DT2124,911080,93,15,Medium,2026-02-03
DT2125,151986,91,23,Low,2026-01-28
DT2126,688135,123,10,High,2026-03-08
DT2127,750861,90,41,Low,2026-01-06
DT2128,124696,84,31,Low,2026-05-14
DT2129,317844,110,16,Medium,2026-06-11
DT2130,761507,115,46,Medium,2026-01-23
DT2131,387942,76,27,Low,2026-03-28
DT2132,628896,89,19,Medium,2026-02-21
DT2133,543085,137,35,Medium,2026-06-04
DT2134,897533,93,19,Medium,2026-01-12
DT2135,910737,139,57,Medium,2026-05-23
DT2136,883343,92,14,Medium,2026-05-02
DT2137,211807,100,25,Low,2026-01-16
DT2138,282478,138,46,Medium,2026-06-01
DT2139,866809,107,8,High,2026-03-15
DT2140,450902,88,19,Low,2026-03-18
DT2141,551482,76,58,Low,2026-01-07
DT2142,840494,103,35,Medium,2026-02-28
DT2143,221912,123,57,Low,2026-01-10
DT2144,562321,91,60,Low,2026-01-02
DT2145,337166,79,58,Low,2026-04-18
DT2146,989851,112,38,Medium,2026-03-11
DT2147,52036,118,51,Low,2026-02-20
DT2148,697240,95,55,Low,2026-05-22
DT2149,353694,96,37,Low,2026-02-10
DT2150,994180,112,55,Medium,2026-01-08
DT2151,927234,105,34,Medium,2026-01-03
DT2152,697872,134,27,High,2026-04-05
DT2153,279753,101,28,Low,2026-06-18
DT2154,807088,133,45,Medium,2026-02-07
DT2155,754958,135,20,High,2026-02-15
DT2156,851509,125,22,High,2026-01-12
DT2157,981916,87,45,Low,2026-02-26
DT2158,789621,78,30,Medium,2026-05-06
DT2159,885416,115,30,Medium,2026-04-08
DT2160,222446,110,8,Medium,2026-06-10
DT2161,131227,128,60,Low,2026-04-02
DT2162,477071,97,32,Low,2026-06-22
DT2163,680801,88,19,Medium,2026-04-27
DT2164,256406,120,58,Low,2026-02-18
DT2165,290566,112,57,Low,2026-04-20
DT2166,96359,100,40,Low,2026-01-15
DT2167,383455,93,53,Low,2026-01-07
DT2168,308731,101,43,Low,2026-01-10
DT2169,750224,133,17,High,2026-03-01
DT2170,460895,116,59,Low,2026-04-22
DT2171,999362,130,12,High,2026-02-19
DT2172,507095,135,15,High,2026-03-17
DT2173,774568,115,55,Medium,2026-01-15
DT2174,562293,137,41,Medium,2026-04-27
DT2175,698805,115,52,Medium,2026-06-14
DT2176,246511,140,45,Low,2026-03-21
DT2177,671797,121,21,High,2026-06-05
DT2178,448400,130,15,High,2026-04-25
DT2179,901184,101,42,Medium,2026-03-15
DT2180,903064,136,55,Medium,2026-01-16
DT2181,909938,83,21,Medium,2026-02-01
DT2182,377006,133,18,Medium,2026-04-19
DT2183,251790,100,50,Low,2026-02-05
DT2184,194923,83,56,Low,2026-03-06
DT2185,738024,132,49,Medium,2026-04-05
DT2186,744473,89,30,Low,2026-02-18
DT2187,147856,119,46,Low,2026-01-20
DT2188,444459,82,51,Low,2026-04-18
DT2189,617600,128,29,Medium,2026-01-28
DT2190,67336,135,31,Medium,2026-06-23
DT2191,896365,137,38,Medium,2026-06-14
DT2192,773554,87,8,Medium,2026-02-25
DT2193,333895,77,8,Medium,2026-03-24
DT2194,694363,103,39,Low,2026-05-18
DT2195,920677,125,39,Medium,2026-01-23
DT2196,327791,80,27,Low,2026-04-25
DT2197,369341,140,15,High,2026-01-19
DT2198,666370,140,33,Medium,2026-03-10
DT2199,548477,121,38,Medium,2026-05-23
DT2200,375065,130,11,High,2026-05-26
DT2201,572075,135,24,High,2026-05-12
DT2202,159602,114,40,Low,2026-01-16
DT2203,605131,78,46,Low,2026-02-08
DT2204,952481,101,26,Medium,2026-02-08
DT2205,860773,80,57,Low,2026-06-28
DT2206,873422,122,36,High,2026-04-24
DT2207,705160,110,40,Medium,2026-06-17
DT2208,955414,113,12,High,2026-04-21
DT2209,188357,98,54,Low,2026-05-28
DT2210,97123,104,30,Low,2026-03-26
DT2211,587470,79,41,Low,2026-05-19
DT2212,731956,88,9,Medium,2026-05-28
DT2213,584169,112,14,High,2026-01-01
DT2214,841946,100,15,High,2026-03-09
DT2215,716293,103,48,Low,2026-06-03
DT2216,337004,115,59,Low,2026-01-28
DT2217,428717,113,60,Low,2026-02-23
DT2218,186053,94,52,Low,2026-04-26
DT2219,234718,121,10,Medium,2026-05-02
DT2220,913626,75,51,Low,2026-05-14
DT2221,170375,126,30,Medium,2026-01-12
DT2222,564208,92,8,Medium,2026-06-10
DT2223,114788,128,33,Medium,2026-04-07
DT2224,410355,137,51,Medium,2026-06-28
DT2225,255478,122,48,Medium,2026-01-04
DT2226,833029,98,49,Medium,2026-04-26
DT2227,960281,86,59,Low,2026-02-01
DT2228,101784,103,48,Low,2026-02-06
DT2229,462497,98,24,Medium,2026-01-21
DT2230,171728,81,25,Low,2026-05-09
DT2231,861068,85,57,Low,2026-06-05
DT2232,309999,78,10,Medium,2026-06-02
DT2233,882780,90,39,Low,2026-03-18
DT2234,600088,113,9,High,2026-01-25
DT2235,192891,86,53,Low,2026-04-19
DT2236,605334,107,10,High,2026-05-15
DT2237,997583,140,21,High,2026-02-13
DT2238,420760,107,52,Low,2026-06-10
DT2239,653839,92,49,Low,2026-06-17
DT2240,882566,120,45,Medium,2026-06-05
DT2241,305369,109,49,Low,2026-04-10
DT2242,324489,131,15,High,2026-06-17
DT2243,771209,139,43,Medium,2026-05-05
DT2244,647110,126,33,Medium,2026-04-17
DT2245,714178,101,45,Low,2026-06-06
DT2246,692220,133,47,Medium,2026-03-01
DT2247,548023,121,49,Medium,2026-06-20
DT2248,344229,134,26,Medium,2026-03-17
DT2249,897998,93,37,Medium,2026-01-04
DT2250,922186,89,46,Low,2026-02-23
DT2251,556486,92,58,Low,2026-03-27
DT2252,903437,78,11,Medium,2026-03-04
DT2253,211770,96,55,Low,2026-04-09
DT2254,244578,115,8,Medium,2026-02-04
DT2255,242263,122,30,Medium,2026-06-19
DT2256,174695,137,54,Low,2026-05-28
DT2257,306966,138,39,Medium,2026-01-09
DT2258,214551,119,55,Low,2026-06-27
DT2259,76611,135,14,Medium,2026-03-23
DT2260,204150,75,24,Low,2026-03-16
DT2261,874018,95,42,Low,2026-06-24
DT2262,390268,140,38,Medium,2026-05-20
DT2263,235111,104,53,Low,2026-06-21
DT2264,372750,101,25,Medium,2026-02-04
DT2265,163800,92,40,Low,2026-03-28
DT2266,843089,138,14,High,2026-05-10
DT2267,128591,113,13,Medium,2026-04-16
DT2268,405417,107,21,Medium,2026-01-27
DT2269,906209,88,57,Low,2026-04-24
DT2270,626723,121,46,Medium,2026-06-06
DT2271,536644,108,28,Medium,2026-04-01
DT2272,755428,87,11,Medium,2026-06-17
DT2273,167037,107,13,Medium,2026-05-15
DT2274,943825,135,48,Medium,2026-03-01
DT2275,273432,77,22,Low,2026-04-03
DT2276,554662,102,32,Medium,2026-02-28
DT2277,769840,108,54,Medium,2026-03-21
DT2278,495498,77,14,Medium,2026-03-03
DT2279,137264,123,36,Medium,2026-02-06
DT2280,926827,92,43,Low,2026-03-07
DT2281,669530,140,13,High,2026-03-26
DT2282,163322,96,19,Low,2026-02-24
DT2283,237780,121,35,Medium,2026-05-21
DT2284,599262,139,32,Medium,2026-05-12
DT2285,674856,81,47,Low,2026-05-07
DT2286,281761,76,45,Low,2026-05-16
DT2287,992519,77,35,Medium,2026-05-25
DT2288,87320,125,60,Low,2026-03-05
DT2289,318551,123,30,Medium,2026-03-20
DT2290,243876,106,28,Low,2026-04-05
DT2291,980853,105,59,Medium,2026-06-06
DT2292,222622,78,47,Low,2026-02-28
DT2293,273836,93,9,Medium,2026-06-20
DT2294,855417,85,49,Low,2026-06-16
DT2295,671036,136,58,Medium,2026-01-03
DT2296,842563,103,54,Medium,2026-03-07
DT2297,95542,92,10,Low,2026-02-06
DT2298,199417,128,34,Medium,2026-02-28
DT2299,710981,129,37,Medium,2026-01-04
DT2300,107655,99,44,Low,2026-06-23
DT2301,256547,124,16,High,2026-05-01
DT2302,599079,137,57,Medium,2026-02-23
DT2303,797484,111,44,Medium,2026-06-19
DT2304,265982,117,59,Low,2026-06-23
DT2305,427413,121,29,Medium,2026-02-04
DT2306,507701,127,11,High,2026-06-19
DT2307,861862,95,39,Low,2026-01-01
DT2308,71170,85,56,Low,2026-04-22
DT2309,179903,84,60,Low,2026-03-13
DT2310,460815,115,23,Medium,2026-02-10
DT2311,187984,103,26,Low,2026-04-26
DT2312,834817,86,17,Medium,2026-06-11
DT2313,819595,87,40,Low,2026-03-09
DT2314,132656,117,9,Medium,2026-05-20
DT2315,435322,126,55,Medium,2026-02-12
DT2316,113494,125,14,Medium,2026-02-25
DT2317,813513,77,52,Low,2026-05-11
DT2318,573980,77,12,Medium,2026-06-22
DT2319,552838,118,42,Medium,2026-01-08
DT2320,675257,101,54,Low,2026-01-09
DT2321,264762,107,51,Low,2026-06-21
DT2322,844509,118,33,Medium,2026-04-25
DT2323,840105,136,41,Medium,2026-03-23
DT2324,569167,96,39,Low,2026-05-22
DT2325,174258,120,30,Low,2026-06-21
DT2326,297349,88,52,Low,2026-03-10
DT2327,406308,124,45,Medium,2026-06-16
DT2328,577619,115,59,Medium,2026-01-11
DT2329,926420,133,41,Medium,2026-04-01
DT2330,212516,76,52,Low,2026-02-14
DT2331,296313,101,12,Medium,2026-04-23
DT2332,606831,112,15,High,2026-01-28
DT2333,992082,94,21,Medium,2026-01-09
DT2334,381833,125,34,Medium,2026-03-18
DT2335,60740,135,25,Medium,2026-04-14
DT2336,850338,124,21,High,2026-01-02
DT2337,160319,121,52,Low,2026-01-16
DT2338,782176,105,48,Medium,2026-03-09
DT2339,620674,106,36,Medium,2026-01-12
DT2340,470471,78,48,Low,2026-03-22
DT2341,734041,135,21,High,2026-06-18
DT2342,576681,122,25,High,2026-04-07
DT2343,696318,111,29,Medium,2026-05-19
DT2344,646922,113,23,Medium,2026-04-07
DT2345,297313,136,54,Medium,2026-02-06
DT2346,141629,113,35,Low,2026-02-27
DT2347,766869,76,8,Medium,2026-01-11
DT2348,939864,138,46,Medium,2026-02-05
DT2349,596086,117,58,Medium,2026-03-23
DT2350,141860,87,39,Low,2026-04-28
DT2351,780604,124,49,Medium,2026-04-03
DT2352,549753,80,56,Low,2026-04-11
DT2353,823763,97,52,Medium,2026-01-08
DT2354,510162,79,47,Low,2026-01-16
DT2355,576449,138,11,High,2026-04-12
DT2356,656513,118,9,High,2026-04-08
DT2357,583863,94,34,Low,2026-01-27
DT2358,170352,101,51,Low,2026-06-05
DT2359,340254,117,56,Low,2026-01-08
DT2360,209826,83,29,Low,2026-01-18
DT2361,259572,132,46,Medium,2026-05-26
DT2362,911319,79,16,Medium,2026-04-09
DT2363,919825,137,27,High,2026-04-10
DT2364,818139,130,38,Medium,2026-03-20
DT2365,974020,76,22,Medium,2026-03-05
DT2366,697051,90,42,Low,2026-05-08
DT2367,307020,101,34,Low,2026-01-04
DT2368,287140,137,33,Medium,2026-04-24
DT2369,597427,129,24,High,2026-01-07
DT2370,699936,84,43,Low,2026-01-23
DT2371,621778,125,32,Medium,2026-01-09
DT2372,223521,140,51,Low,2026-05-24
DT2373,419828,91,17,Medium,2026-06-12
DT2374,620823,96,52,Low,2026-05-10
DT2375,345803,131,48,Medium,2026-02-21
DT2376,460773,110,40,Low,2026-02-10
DT2377,975931,95,53,Low,2026-04-12
DT2378,808075,85,39,Low,2026-02-02
DT2379,820149,127,15,High,2026-01-10
DT2380,100541,94,21,Low,2026-03-02
DT2381,255201,84,34,Low,2026-02-25
DT2382,123477,88,58,Low,2026-01-22
DT2383,543022,104,50,Low,2026-04-21
DT2384,179919,93,28,Low,2026-04-25
DT2385,379378,91,41,Low,2026-05-23
DT2386,432584,107,31,Medium,2026-02-15
DT2387,557677,123,12,High,2026-01-23
DT2388,281182,115,56,Low,2026-06-28
DT2389,251124,90,50,Low,2026-01-20
DT2390,289674,94,47,Low,2026-03-07
DT2391,738942,90,45,Low,2026-05-26
DT2392,186965,113,8,Medium,2026-02-21
DT2393,599422,92,19,Medium,2026-06-19
DT2394,230378,116,9,Medium,2026-06-28
DT2395,461846,75,56,Low,2026-04-13
DT2396,964417,111,53,Medium,2026-02-08
DT2397,943099,87,12,Medium,2026-06-16
DT2398,378627,92,30,Low,2026-02-27
DT2399,585771,81,35,Low,2026-04-01
DT2400,825438,121,23,High,2026-01-01
DT2401,900427,85,59,Low,2026-05-08
DT2402,915454,108,42,Medium,2026-02-17
DT2403,421561,91,8,Medium,2026-05-26
DT2404,204512,92,37,Low,2026-04-04
DT2405,914986,84,30,Medium,2026-06-01
DT2406,61923,113,49,Low,2026-01-20
DT2407,619687,107,23,Medium,2026-06-19
DT2408,51320,121,29,Medium,2026-03-08
DT2409,720828,139,58,Medium,2026-04-17
DT2410,596423,101,50,Low,2026-03-06
DT2411,200631,89,25,Low,2026-04-05
DT2412,523589,134,60,Medium,2026-02-26
DT2413,292133,133,56,Medium,2026-05-21
DT2414,884260,109,57,Medium,2026-05-02
DT2415,863152,95,23,Medium,2026-02-28
DT2416,89062,105,22,Low,2026-05-22
DT2417,376910,93,56,Low,2026-04-10
DT2418,437865,130,56,Medium,2026-01-21
DT2419,741382,77,26,Medium,2026-04-28
DT2420,538724,101,58,Low,2026-05-10
DT2421,429813,110,44,Low,2026-02-09
DT2422,912403,75,55,Low,2026-04-07
DT2423,180527,87,58,Low,2026-05-04
DT2424,592127,94,53,Low,2026-02-06
DT2425,75613,98,12,Medium,2026-03-08
DT2426,295538,110,36,Medium,2026-02-16
DT2427,957016,90,51,Low,2026-06-27
DT2428,635489,97,8,Medium,2026-04-11
DT2429,607385,82,26,Medium,2026-05-08
DT2430,222863,122,46,Low,2026-05-17
DT2431,540520,117,18,Medium,2026-06-05
DT2432,364457,101,24,Medium,2026-03-13
DT2433,539065,84,42,Low,2026-06-16
DT2434,805875,133,14,High,2026-05-19
DT2435,120548,99,60,Low,2026-05-17
DT2436,608029,114,52,Medium,2026-05-27
DT2437,931575,92,14,Medium,2026-04-23
DT2438,967412,109,44,Medium,2026-05-16
DT2439,139178,106,44,Low,2026-06-01
DT2440,374418,106,40,Low,2026-02-03
DT2441,869544,77,55,Low,2026-04-10
DT2442,420671,77,13,Medium,2026-06-01
DT2443,599875,107,35,Medium,2026-06-09
DT2444,548516,117,57,Medium,2026-05-27
DT2445,130191,116,24,Medium,2026-02-10
DT2446,486987,84,57,Low,2026-04-01
DT2447,825475,94,21,Medium,2026-04-21
DT2448,988867,79,38,Low,2026-03-19
DT2449,779192,75,33,Medium,2026-06-14
DT2450,467661,114,28,Medium,2026-02-27
DT2451,53251,75,46,Low,2026-03-22
DT2452,103415,136,37,Medium,2026-06-24
DT2453,375550,116,30,Medium,2026-04-17
DT2454,754168,84,39,Low,2026-04-09
DT2455,887901,139,46,Medium,2026-03-08
DT2456,926807,115,21,High,2026-03-02
DT2457,728864,130,47,Medium,2026-05-06
DT2458,391373,85,40,Low,2026-01-16
DT2459,882338,111,57,Medium,2026-01-10
DT2460,805299,115,30,Medium,2026-03-17
DT2461,844552,90,39,Low,2026-06-17
DT2462,271951,113,47,Low,2026-02-19
DT2463,258172,92,22,Low,2026-06-09
DT2464,811012,101,34,Medium,2026-05-19
DT2465,304446,86,21,Low,2026-03-11
DT2466,271354,139,59,Medium,2026-03-13
DT2467,650350,90,35,Low,2026-02-11
DT2468,972858,131,22,High,2026-03-27
DT2469,68599,101,40,Low,2026-02-11
DT2470,968424,76,52,Low,2026-04-05
DT2471,656425,123,46,Medium,2026-06-27
DT2472,291416,94,20,Low,2026-03-07
DT2473,524342,117,18,Medium,2026-05-18
DT2474,425568,134,37,Medium,2026-04-02
DT2475,999411,109,22,High,2026-04-04
DT2476,671273,108,43,Medium,2026-02-16
DT2477,359417,128,60,Medium,2026-04-02
DT2478,625334,111,11,High,2026-01-09
DT2479,811786,120,17,High,2026-01-17
DT2480,421449,128,59,Medium,2026-01-05
DT2481,988559,115,8,High,2026-06-01
DT2482,803786,92,54,Low,2026-01-21
DT2483,290680,139,57,Medium,2026-03-28
DT2484,791345,135,14,High,2026-05-26
DT2485,398753,75,24,Low,2026-06-06
DT2486,177865,113,53,Low,2026-02-21
DT2487,451387,101,52,Low,2026-04-22
DT2488,963233,118,18,High,2026-06-05
DT2489,993048,93,20,Medium,2026-06-02
DT2490,533538,116,57,Medium,2026-04-26
DT2491,438990,135,33,Medium,2026-01-07
DT2492,558630,88,24,Medium,2026-03-27
DT2493,676677,96,25,Medium,2026-03-20
DT2494,381903,126,60,Medium,2026-04-16
DT2495,329341,84,38,Low,2026-02-02
DT2496,687558,131,59,Medium,2026-03-23
DT2497,510535,133,49,Medium,2026-02-03
DT2498,907140,121,48,Medium,2026-04-04
DT2499,793913,135,28,High,2026-06-11
